<?xml version="1.0" ?>
<Simulation duration="3446124">
	<blockAverageDuration totalCount="42600">155.95408450704227</blockAverageDuration>
	<resourceAverageDuration totalCount="195600">33.93168200408998</resourceAverageDuration>
	<ferryAverageWait trips="49">70313.28571428571</ferryAverageWait>
	<Workers>
		<Worker id="0">
			<resources>48445</resources>
			<workDuration>1638925</workDuration>
		</Worker>
		<Worker id="1">
			<resources>49178</resources>
			<workDuration>1672525</workDuration>
		</Worker>
		<Worker id="2">
			<resources>48877</resources>
			<workDuration>1656912</workDuration>
		</Worker>
		<Worker id="3">
			<resources>49100</resources>
			<workDuration>1675282</workDuration>
		</Worker>
	</Workers>
	<Vehicles>
		<Vehicle id="0">
			<loadTime>13858</loadTime>
			<transportTime>71388</transportTime>
		</Vehicle>
		<Vehicle id="1">
			<loadTime>17136</loadTime>
			<transportTime>71367</transportTime>
		</Vehicle>
		<Vehicle id="2">
			<loadTime>17863</loadTime>
			<transportTime>72125</transportTime>
		</Vehicle>
		<Vehicle id="3">
			<loadTime>17731</loadTime>
			<transportTime>71005</transportTime>
		</Vehicle>
		<Vehicle id="4">
			<loadTime>17619</loadTime>
			<transportTime>71355</transportTime>
		</Vehicle>
		<Vehicle id="5">
			<loadTime>17634</loadTime>
			<transportTime>70770</transportTime>
		</Vehicle>
		<Vehicle id="6">
			<loadTime>17633</loadTime>
			<transportTime>71100</transportTime>
		</Vehicle>
		<Vehicle id="7">
			<loadTime>17795</loadTime>
			<transportTime>71622</transportTime>
		</Vehicle>
		<Vehicle id="8">
			<loadTime>17168</loadTime>
			<transportTime>71636</transportTime>
		</Vehicle>
		<Vehicle id="9">
			<loadTime>17921</loadTime>
			<transportTime>71164</transportTime>
		</Vehicle>
		<Vehicle id="10">
			<loadTime>17474</loadTime>
			<transportTime>71415</transportTime>
		</Vehicle>
		<Vehicle id="11">
			<loadTime>17193</loadTime>
			<transportTime>71557</transportTime>
		</Vehicle>
		<Vehicle id="12">
			<loadTime>17771</loadTime>
			<transportTime>71401</transportTime>
		</Vehicle>
		<Vehicle id="13">
			<loadTime>17048</loadTime>
			<transportTime>71541</transportTime>
		</Vehicle>
		<Vehicle id="14">
			<loadTime>17551</loadTime>
			<transportTime>71635</transportTime>
		</Vehicle>
		<Vehicle id="15">
			<loadTime>17731</loadTime>
			<transportTime>71165</transportTime>
		</Vehicle>
		<Vehicle id="16">
			<loadTime>17443</loadTime>
			<transportTime>71211</transportTime>
		</Vehicle>
		<Vehicle id="17">
			<loadTime>17496</loadTime>
			<transportTime>71354</transportTime>
		</Vehicle>
		<Vehicle id="18">
			<loadTime>17427</loadTime>
			<transportTime>70926</transportTime>
		</Vehicle>
		<Vehicle id="19">
			<loadTime>17937</loadTime>
			<transportTime>71084</transportTime>
		</Vehicle>
		<Vehicle id="20">
			<loadTime>17579</loadTime>
			<transportTime>71399</transportTime>
		</Vehicle>
		<Vehicle id="21">
			<loadTime>17652</loadTime>
			<transportTime>71889</transportTime>
		</Vehicle>
		<Vehicle id="22">
			<loadTime>17679</loadTime>
			<transportTime>71086</transportTime>
		</Vehicle>
		<Vehicle id="23">
			<loadTime>17561</loadTime>
			<transportTime>71937</transportTime>
		</Vehicle>
		<Vehicle id="24">
			<loadTime>17470</loadTime>
			<transportTime>71512</transportTime>
		</Vehicle>
		<Vehicle id="25">
			<loadTime>17388</loadTime>
			<transportTime>71274</transportTime>
		</Vehicle>
		<Vehicle id="26">
			<loadTime>17456</loadTime>
			<transportTime>71227</transportTime>
		</Vehicle>
		<Vehicle id="27">
			<loadTime>17744</loadTime>
			<transportTime>71637</transportTime>
		</Vehicle>
		<Vehicle id="28">
			<loadTime>17912</loadTime>
			<transportTime>71177</transportTime>
		</Vehicle>
		<Vehicle id="29">
			<loadTime>17846</loadTime>
			<transportTime>71273</transportTime>
		</Vehicle>
		<Vehicle id="30">
			<loadTime>17600</loadTime>
			<transportTime>71751</transportTime>
		</Vehicle>
		<Vehicle id="31">
			<loadTime>17343</loadTime>
			<transportTime>71364</transportTime>
		</Vehicle>
		<Vehicle id="32">
			<loadTime>17376</loadTime>
			<transportTime>71209</transportTime>
		</Vehicle>
		<Vehicle id="33">
			<loadTime>17884</loadTime>
			<transportTime>71270</transportTime>
		</Vehicle>
		<Vehicle id="34">
			<loadTime>17638</loadTime>
			<transportTime>71650</transportTime>
		</Vehicle>
		<Vehicle id="35">
			<loadTime>17562</loadTime>
			<transportTime>71615</transportTime>
		</Vehicle>
		<Vehicle id="36">
			<loadTime>17786</loadTime>
			<transportTime>71871</transportTime>
		</Vehicle>
		<Vehicle id="37">
			<loadTime>17533</loadTime>
			<transportTime>71558</transportTime>
		</Vehicle>
		<Vehicle id="38">
			<loadTime>17584</loadTime>
			<transportTime>71164</transportTime>
		</Vehicle>
		<Vehicle id="39">
			<loadTime>17884</loadTime>
			<transportTime>71543</transportTime>
		</Vehicle>
		<Vehicle id="40">
			<loadTime>17514</loadTime>
			<transportTime>71384</transportTime>
		</Vehicle>
		<Vehicle id="41">
			<loadTime>17540</loadTime>
			<transportTime>71353</transportTime>
		</Vehicle>
		<Vehicle id="42">
			<loadTime>17630</loadTime>
			<transportTime>71069</transportTime>
		</Vehicle>
		<Vehicle id="43">
			<loadTime>17476</loadTime>
			<transportTime>70943</transportTime>
		</Vehicle>
		<Vehicle id="44">
			<loadTime>17838</loadTime>
			<transportTime>71148</transportTime>
		</Vehicle>
		<Vehicle id="45">
			<loadTime>17649</loadTime>
			<transportTime>71793</transportTime>
		</Vehicle>
		<Vehicle id="46">
			<loadTime>17324</loadTime>
			<transportTime>71684</transportTime>
		</Vehicle>
		<Vehicle id="47">
			<loadTime>17410</loadTime>
			<transportTime>71778</transportTime>
		</Vehicle>
		<Vehicle id="48">
			<loadTime>17527</loadTime>
			<transportTime>71038</transportTime>
		</Vehicle>
		<Vehicle id="49">
			<loadTime>17611</loadTime>
			<transportTime>71856</transportTime>
		</Vehicle>
		<Vehicle id="50">
			<loadTime>17356</loadTime>
			<transportTime>70847</transportTime>
		</Vehicle>
		<Vehicle id="51">
			<loadTime>17754</loadTime>
			<transportTime>71591</transportTime>
		</Vehicle>
		<Vehicle id="52">
			<loadTime>17867</loadTime>
			<transportTime>71699</transportTime>
		</Vehicle>
		<Vehicle id="53">
			<loadTime>17769</loadTime>
			<transportTime>70834</transportTime>
		</Vehicle>
		<Vehicle id="54">
			<loadTime>17884</loadTime>
			<transportTime>71290</transportTime>
		</Vehicle>
		<Vehicle id="55">
			<loadTime>17272</loadTime>
			<transportTime>71832</transportTime>
		</Vehicle>
		<Vehicle id="56">
			<loadTime>17399</loadTime>
			<transportTime>72108</transportTime>
		</Vehicle>
		<Vehicle id="57">
			<loadTime>17290</loadTime>
			<transportTime>71668</transportTime>
		</Vehicle>
		<Vehicle id="58">
			<loadTime>18169</loadTime>
			<transportTime>71543</transportTime>
		</Vehicle>
		<Vehicle id="59">
			<loadTime>17774</loadTime>
			<transportTime>70897</transportTime>
		</Vehicle>
		<Vehicle id="60">
			<loadTime>17615</loadTime>
			<transportTime>71588</transportTime>
		</Vehicle>
		<Vehicle id="61">
			<loadTime>18224</loadTime>
			<transportTime>70927</transportTime>
		</Vehicle>
		<Vehicle id="62">
			<loadTime>17511</loadTime>
			<transportTime>72060</transportTime>
		</Vehicle>
		<Vehicle id="63">
			<loadTime>17474</loadTime>
			<transportTime>70486</transportTime>
		</Vehicle>
		<Vehicle id="64">
			<loadTime>17502</loadTime>
			<transportTime>71101</transportTime>
		</Vehicle>
		<Vehicle id="65">
			<loadTime>17755</loadTime>
			<transportTime>71243</transportTime>
		</Vehicle>
		<Vehicle id="66">
			<loadTime>17622</loadTime>
			<transportTime>71497</transportTime>
		</Vehicle>
		<Vehicle id="67">
			<loadTime>18158</loadTime>
			<transportTime>70959</transportTime>
		</Vehicle>
		<Vehicle id="68">
			<loadTime>17473</loadTime>
			<transportTime>71399</transportTime>
		</Vehicle>
		<Vehicle id="69">
			<loadTime>17809</loadTime>
			<transportTime>70895</transportTime>
		</Vehicle>
		<Vehicle id="70">
			<loadTime>17771</loadTime>
			<transportTime>72015</transportTime>
		</Vehicle>
		<Vehicle id="71">
			<loadTime>17272</loadTime>
			<transportTime>71368</transportTime>
		</Vehicle>
		<Vehicle id="72">
			<loadTime>17763</loadTime>
			<transportTime>71085</transportTime>
		</Vehicle>
		<Vehicle id="73">
			<loadTime>17969</loadTime>
			<transportTime>71275</transportTime>
		</Vehicle>
		<Vehicle id="74">
			<loadTime>17771</loadTime>
			<transportTime>71241</transportTime>
		</Vehicle>
		<Vehicle id="75">
			<loadTime>17780</loadTime>
			<transportTime>71084</transportTime>
		</Vehicle>
		<Vehicle id="76">
			<loadTime>17708</loadTime>
			<transportTime>71226</transportTime>
		</Vehicle>
		<Vehicle id="77">
			<loadTime>17618</loadTime>
			<transportTime>71306</transportTime>
		</Vehicle>
		<Vehicle id="78">
			<loadTime>17480</loadTime>
			<transportTime>71054</transportTime>
		</Vehicle>
		<Vehicle id="79">
			<loadTime>17327</loadTime>
			<transportTime>70518</transportTime>
		</Vehicle>
		<Vehicle id="80">
			<loadTime>17762</loadTime>
			<transportTime>71559</transportTime>
		</Vehicle>
		<Vehicle id="81">
			<loadTime>17764</loadTime>
			<transportTime>70581</transportTime>
		</Vehicle>
		<Vehicle id="82">
			<loadTime>18092</loadTime>
			<transportTime>71511</transportTime>
		</Vehicle>
		<Vehicle id="83">
			<loadTime>18004</loadTime>
			<transportTime>72013</transportTime>
		</Vehicle>
		<Vehicle id="84">
			<loadTime>17645</loadTime>
			<transportTime>71353</transportTime>
		</Vehicle>
		<Vehicle id="85">
			<loadTime>17445</loadTime>
			<transportTime>70566</transportTime>
		</Vehicle>
		<Vehicle id="86">
			<loadTime>17725</loadTime>
			<transportTime>71012</transportTime>
		</Vehicle>
		<Vehicle id="87">
			<loadTime>17314</loadTime>
			<transportTime>71043</transportTime>
		</Vehicle>
		<Vehicle id="88">
			<loadTime>17405</loadTime>
			<transportTime>70958</transportTime>
		</Vehicle>
		<Vehicle id="89">
			<loadTime>18126</loadTime>
			<transportTime>71618</transportTime>
		</Vehicle>
		<Vehicle id="90">
			<loadTime>16020</loadTime>
			<transportTime>71668</transportTime>
		</Vehicle>
		<Vehicle id="91">
			<loadTime>17551</loadTime>
			<transportTime>70786</transportTime>
		</Vehicle>
		<Vehicle id="92">
			<loadTime>17645</loadTime>
			<transportTime>71880</transportTime>
		</Vehicle>
		<Vehicle id="93">
			<loadTime>17956</loadTime>
			<transportTime>71896</transportTime>
		</Vehicle>
		<Vehicle id="94">
			<loadTime>17370</loadTime>
			<transportTime>71013</transportTime>
		</Vehicle>
		<Vehicle id="95">
			<loadTime>18100</loadTime>
			<transportTime>71471</transportTime>
		</Vehicle>
		<Vehicle id="96">
			<loadTime>17829</loadTime>
			<transportTime>70785</transportTime>
		</Vehicle>
		<Vehicle id="97">
			<loadTime>17528</loadTime>
			<transportTime>71138</transportTime>
		</Vehicle>
		<Vehicle id="98">
			<loadTime>17553</loadTime>
			<transportTime>70768</transportTime>
		</Vehicle>
		<Vehicle id="99">
			<loadTime>17891</loadTime>
			<transportTime>71244</transportTime>
		</Vehicle>
		<Vehicle id="100">
			<loadTime>17275</loadTime>
			<transportTime>70927</transportTime>
		</Vehicle>
		<Vehicle id="101">
			<loadTime>17564</loadTime>
			<transportTime>71875</transportTime>
		</Vehicle>
		<Vehicle id="102">
			<loadTime>18065</loadTime>
			<transportTime>71778</transportTime>
		</Vehicle>
		<Vehicle id="103">
			<loadTime>18039</loadTime>
			<transportTime>71985</transportTime>
		</Vehicle>
		<Vehicle id="104">
			<loadTime>17945</loadTime>
			<transportTime>71115</transportTime>
		</Vehicle>
		<Vehicle id="105">
			<loadTime>17509</loadTime>
			<transportTime>70565</transportTime>
		</Vehicle>
		<Vehicle id="106">
			<loadTime>17425</loadTime>
			<transportTime>71573</transportTime>
		</Vehicle>
		<Vehicle id="107">
			<loadTime>17429</loadTime>
			<transportTime>71651</transportTime>
		</Vehicle>
		<Vehicle id="108">
			<loadTime>17570</loadTime>
			<transportTime>71243</transportTime>
		</Vehicle>
		<Vehicle id="109">
			<loadTime>17395</loadTime>
			<transportTime>70943</transportTime>
		</Vehicle>
		<Vehicle id="110">
			<loadTime>18198</loadTime>
			<transportTime>71543</transportTime>
		</Vehicle>
		<Vehicle id="111">
			<loadTime>17690</loadTime>
			<transportTime>71606</transportTime>
		</Vehicle>
		<Vehicle id="112">
			<loadTime>17646</loadTime>
			<transportTime>72156</transportTime>
		</Vehicle>
		<Vehicle id="113">
			<loadTime>17872</loadTime>
			<transportTime>71621</transportTime>
		</Vehicle>
		<Vehicle id="114">
			<loadTime>17575</loadTime>
			<transportTime>71005</transportTime>
		</Vehicle>
		<Vehicle id="115">
			<loadTime>17648</loadTime>
			<transportTime>71163</transportTime>
		</Vehicle>
		<Vehicle id="116">
			<loadTime>17421</loadTime>
			<transportTime>70959</transportTime>
		</Vehicle>
		<Vehicle id="117">
			<loadTime>17810</loadTime>
			<transportTime>71242</transportTime>
		</Vehicle>
		<Vehicle id="118">
			<loadTime>17464</loadTime>
			<transportTime>71982</transportTime>
		</Vehicle>
		<Vehicle id="119">
			<loadTime>17728</loadTime>
			<transportTime>71037</transportTime>
		</Vehicle>
		<Vehicle id="120">
			<loadTime>17885</loadTime>
			<transportTime>71290</transportTime>
		</Vehicle>
		<Vehicle id="121">
			<loadTime>17552</loadTime>
			<transportTime>71776</transportTime>
		</Vehicle>
		<Vehicle id="122">
			<loadTime>17282</loadTime>
			<transportTime>72000</transportTime>
		</Vehicle>
		<Vehicle id="123">
			<loadTime>17567</loadTime>
			<transportTime>71116</transportTime>
		</Vehicle>
		<Vehicle id="124">
			<loadTime>17774</loadTime>
			<transportTime>71101</transportTime>
		</Vehicle>
		<Vehicle id="125">
			<loadTime>18199</loadTime>
			<transportTime>71273</transportTime>
		</Vehicle>
		<Vehicle id="126">
			<loadTime>18189</loadTime>
			<transportTime>71968</transportTime>
		</Vehicle>
		<Vehicle id="127">
			<loadTime>17826</loadTime>
			<transportTime>71039</transportTime>
		</Vehicle>
		<Vehicle id="128">
			<loadTime>17575</loadTime>
			<transportTime>71699</transportTime>
		</Vehicle>
		<Vehicle id="129">
			<loadTime>17569</loadTime>
			<transportTime>71589</transportTime>
		</Vehicle>
		<Vehicle id="130">
			<loadTime>17969</loadTime>
			<transportTime>71872</transportTime>
		</Vehicle>
		<Vehicle id="131">
			<loadTime>17392</loadTime>
			<transportTime>70754</transportTime>
		</Vehicle>
		<Vehicle id="132">
			<loadTime>17625</loadTime>
			<transportTime>71273</transportTime>
		</Vehicle>
		<Vehicle id="133">
			<loadTime>17418</loadTime>
			<transportTime>71054</transportTime>
		</Vehicle>
		<Vehicle id="134">
			<loadTime>17205</loadTime>
			<transportTime>71557</transportTime>
		</Vehicle>
		<Vehicle id="135">
			<loadTime>17812</loadTime>
			<transportTime>71147</transportTime>
		</Vehicle>
		<Vehicle id="136">
			<loadTime>17343</loadTime>
			<transportTime>71290</transportTime>
		</Vehicle>
		<Vehicle id="137">
			<loadTime>17513</loadTime>
			<transportTime>71463</transportTime>
		</Vehicle>
		<Vehicle id="138">
			<loadTime>17659</loadTime>
			<transportTime>71935</transportTime>
		</Vehicle>
		<Vehicle id="139">
			<loadTime>17103</loadTime>
			<transportTime>71623</transportTime>
		</Vehicle>
		<Vehicle id="140">
			<loadTime>17538</loadTime>
			<transportTime>71622</transportTime>
		</Vehicle>
		<Vehicle id="141">
			<loadTime>17298</loadTime>
			<transportTime>71368</transportTime>
		</Vehicle>
		<Vehicle id="142">
			<loadTime>17580</loadTime>
			<transportTime>71241</transportTime>
		</Vehicle>
		<Vehicle id="143">
			<loadTime>17362</loadTime>
			<transportTime>70580</transportTime>
		</Vehicle>
		<Vehicle id="144">
			<loadTime>17738</loadTime>
			<transportTime>71306</transportTime>
		</Vehicle>
		<Vehicle id="145">
			<loadTime>18062</loadTime>
			<transportTime>71131</transportTime>
		</Vehicle>
		<Vehicle id="146">
			<loadTime>17889</loadTime>
			<transportTime>71827</transportTime>
		</Vehicle>
		<Vehicle id="147">
			<loadTime>17741</loadTime>
			<transportTime>70943</transportTime>
		</Vehicle>
		<Vehicle id="148">
			<loadTime>17757</loadTime>
			<transportTime>71588</transportTime>
		</Vehicle>
		<Vehicle id="149">
			<loadTime>17545</loadTime>
			<transportTime>71794</transportTime>
		</Vehicle>
		<Vehicle id="150">
			<loadTime>17786</loadTime>
			<transportTime>71226</transportTime>
		</Vehicle>
		<Vehicle id="151">
			<loadTime>18036</loadTime>
			<transportTime>71007</transportTime>
		</Vehicle>
		<Vehicle id="152">
			<loadTime>17947</loadTime>
			<transportTime>71922</transportTime>
		</Vehicle>
		<Vehicle id="153">
			<loadTime>17459</loadTime>
			<transportTime>71243</transportTime>
		</Vehicle>
		<Vehicle id="154">
			<loadTime>17626</loadTime>
			<transportTime>71698</transportTime>
		</Vehicle>
		<Vehicle id="155">
			<loadTime>17438</loadTime>
			<transportTime>71210</transportTime>
		</Vehicle>
		<Vehicle id="156">
			<loadTime>17569</loadTime>
			<transportTime>71069</transportTime>
		</Vehicle>
		<Vehicle id="157">
			<loadTime>17621</loadTime>
			<transportTime>70501</transportTime>
		</Vehicle>
		<Vehicle id="158">
			<loadTime>17758</loadTime>
			<transportTime>71368</transportTime>
		</Vehicle>
		<Vehicle id="159">
			<loadTime>17794</loadTime>
			<transportTime>71178</transportTime>
		</Vehicle>
		<Vehicle id="160">
			<loadTime>17807</loadTime>
			<transportTime>71685</transportTime>
		</Vehicle>
		<Vehicle id="161">
			<loadTime>17654</loadTime>
			<transportTime>70628</transportTime>
		</Vehicle>
		<Vehicle id="162">
			<loadTime>17935</loadTime>
			<transportTime>71351</transportTime>
		</Vehicle>
		<Vehicle id="163">
			<loadTime>17865</loadTime>
			<transportTime>71905</transportTime>
		</Vehicle>
		<Vehicle id="164">
			<loadTime>17385</loadTime>
			<transportTime>71432</transportTime>
		</Vehicle>
		<Vehicle id="165">
			<loadTime>15949</loadTime>
			<transportTime>71876</transportTime>
		</Vehicle>
		<Vehicle id="166">
			<loadTime>17649</loadTime>
			<transportTime>71463</transportTime>
		</Vehicle>
		<Vehicle id="167">
			<loadTime>17843</loadTime>
			<transportTime>71936</transportTime>
		</Vehicle>
		<Vehicle id="168">
			<loadTime>17754</loadTime>
			<transportTime>71307</transportTime>
		</Vehicle>
		<Vehicle id="169">
			<loadTime>17669</loadTime>
			<transportTime>71636</transportTime>
		</Vehicle>
		<Vehicle id="170">
			<loadTime>17673</loadTime>
			<transportTime>71845</transportTime>
		</Vehicle>
		<Vehicle id="171">
			<loadTime>17184</loadTime>
			<transportTime>71764</transportTime>
		</Vehicle>
		<Vehicle id="172">
			<loadTime>17683</loadTime>
			<transportTime>71686</transportTime>
		</Vehicle>
		<Vehicle id="173">
			<loadTime>17216</loadTime>
			<transportTime>70658</transportTime>
		</Vehicle>
		<Vehicle id="174">
			<loadTime>17890</loadTime>
			<transportTime>71054</transportTime>
		</Vehicle>
		<Vehicle id="175">
			<loadTime>17551</loadTime>
			<transportTime>71101</transportTime>
		</Vehicle>
		<Vehicle id="176">
			<loadTime>17855</loadTime>
			<transportTime>71684</transportTime>
		</Vehicle>
		<Vehicle id="177">
			<loadTime>18107</loadTime>
			<transportTime>71842</transportTime>
		</Vehicle>
		<Vehicle id="178">
			<loadTime>17655</loadTime>
			<transportTime>71415</transportTime>
		</Vehicle>
		<Vehicle id="179">
			<loadTime>17880</loadTime>
			<transportTime>71573</transportTime>
		</Vehicle>
		<Vehicle id="180">
			<loadTime>17206</loadTime>
			<transportTime>70912</transportTime>
		</Vehicle>
		<Vehicle id="181">
			<loadTime>17709</loadTime>
			<transportTime>71561</transportTime>
		</Vehicle>
		<Vehicle id="182">
			<loadTime>17778</loadTime>
			<transportTime>71808</transportTime>
		</Vehicle>
		<Vehicle id="183">
			<loadTime>17849</loadTime>
			<transportTime>71651</transportTime>
		</Vehicle>
		<Vehicle id="184">
			<loadTime>17457</loadTime>
			<transportTime>70863</transportTime>
		</Vehicle>
		<Vehicle id="185">
			<loadTime>17834</loadTime>
			<transportTime>71068</transportTime>
		</Vehicle>
		<Vehicle id="186">
			<loadTime>18061</loadTime>
			<transportTime>71904</transportTime>
		</Vehicle>
		<Vehicle id="187">
			<loadTime>17742</loadTime>
			<transportTime>71339</transportTime>
		</Vehicle>
		<Vehicle id="188">
			<loadTime>17618</loadTime>
			<transportTime>71732</transportTime>
		</Vehicle>
		<Vehicle id="189">
			<loadTime>17479</loadTime>
			<transportTime>71589</transportTime>
		</Vehicle>
		<Vehicle id="190">
			<loadTime>17678</loadTime>
			<transportTime>71479</transportTime>
		</Vehicle>
		<Vehicle id="191">
			<loadTime>17525</loadTime>
			<transportTime>71054</transportTime>
		</Vehicle>
		<Vehicle id="192">
			<loadTime>17639</loadTime>
			<transportTime>71494</transportTime>
		</Vehicle>
		<Vehicle id="193">
			<loadTime>17687</loadTime>
			<transportTime>71906</transportTime>
		</Vehicle>
		<Vehicle id="194">
			<loadTime>17598</loadTime>
			<transportTime>71339</transportTime>
		</Vehicle>
		<Vehicle id="195">
			<loadTime>10351</loadTime>
			<transportTime>71467</transportTime>
		</Vehicle>
	</Vehicles>
</Simulation>
